{"train_runtime":2090.3047,"total_flos":3.762400153704192e+15,"train/epoch":2.9592760180995477,"train/mean_token_accuracy":0.9533652315537134,"_step":9,"eval/loss":0.2713359594345093,"eval/runtime":50.3147,"train/learning_rate":1.2565987432367033e-06,"_runtime":2106.952376433,"eval/num_tokens":2.623245e+06,"train/loss":0.2425,"train_loss":0.6425009568532308,"eval/steps_per_second":0.258,"train/num_tokens":2.623245e+06,"train_steps_per_second":0.079,"train/global_step":165,"_timestamp":1.744533122705975e+09,"eval/samples_per_second":1.948,"train/grad_norm":1.1171875,"eval/mean_token_accuracy":0.9505489193476163,"_wandb":{"runtime":2531},"train_samples_per_second":1.266}