{"eval/runtime":40.669,"_wandb":{"runtime":2836},"eval/num_tokens":3.474897e+06,"eval/loss":0.09012498706579208,"eval/mean_token_accuracy":0.975870838532081,"train/learning_rate":1.2565987432367033e-06,"train_runtime":2744.9126,"total_flos":4.692726526612397e+16,"_runtime":2756.426928114,"_step":9,"train/global_step":165,"train/loss":0.0709,"eval/steps_per_second":0.32,"train_steps_per_second":0.06,"train_samples_per_second":0.964,"train/mean_token_accuracy":0.9778488467137019,"train/epoch":2.9592760180995477,"train/grad_norm":0.365234375,"train/num_tokens":3.474897e+06,"eval/samples_per_second":2.41,"train_loss":0.22064067956173058,"_timestamp":1.7445128562164903e+09}