{"train/epoch":2.9592760180995477,"train_runtime":2045.6223,"train/loss":0.2149,"total_flos":7.603596573560064e+15,"eval/num_tokens":2.623245e+06,"eval/loss":0.2410309910774231,"train/num_tokens":2.623245e+06,"eval/runtime":49.1798,"train_samples_per_second":1.293,"train/global_step":165,"eval/samples_per_second":1.993,"eval/mean_token_accuracy":0.9481464395156274,"eval/steps_per_second":0.264,"_step":9,"_wandb":{"runtime":3377},"_runtime":2068.479897155,"train/mean_token_accuracy":0.9497837056716283,"train_steps_per_second":0.081,"train_loss":0.6552470582904237,"_timestamp":1.7445397051878839e+09,"train/learning_rate":1.2565987432367033e-06,"train/grad_norm":1.015625}