{"_runtime":2131.14141375,"train/mean_token_accuracy":0.9548165867726008,"eval/runtime":50.148,"train/num_tokens":2.623245e+06,"eval/num_tokens":2.623245e+06,"_wandb":{"runtime":2481},"train_steps_per_second":0.078,"eval/steps_per_second":0.259,"eval/samples_per_second":1.954,"train/global_step":165,"train_loss":0.5807717698993105,"train/loss":0.159,"train/grad_norm":1.046875,"train_samples_per_second":1.248,"train/learning_rate":1.2565987432367033e-06,"train_runtime":2120.8363,"eval/mean_token_accuracy":0.9516065166546748,"_timestamp":1.7446173647205956e+09,"train/epoch":2.9592760180995477,"_step":9,"eval/loss":0.18622225522994995,"total_flos":7.603596573560064e+15}