{"train/global_step":165,"train/num_tokens":3.474897e+06,"train_loss":0.7306912017591072,"eval/loss":0.20838890969753265,"eval/samples_per_second":2.027,"eval/steps_per_second":0.269,"total_flos":4.716677569210358e+16,"_step":9,"eval/mean_token_accuracy":0.9623175951150748,"train/grad_norm":0.12078239768743515,"train_runtime":3215.7211,"eval/num_tokens":3.474897e+06,"train_steps_per_second":0.051,"train/learning_rate":1.2565987432367033e-06,"_wandb":{"runtime":3890},"train/epoch":2.9592760180995477,"train/mean_token_accuracy":0.9587562094132106,"train_samples_per_second":0.823,"eval/runtime":48.353,"_timestamp":1.744522925981119e+09,"train/loss":0.2165,"_runtime":3229.724898916}