{"train_runtime":2390.3556,"train_samples_per_second":1.107,"eval/runtime":50.7585,"train/num_tokens":2.623245e+06,"eval/num_tokens":2.623245e+06,"eval/samples_per_second":1.931,"train/mean_token_accuracy":0.6473218818505605,"_timestamp":1.7445872298787785e+09,"eval/mean_token_accuracy":0.6450632673043472,"_wandb":{"runtime":5780},"train/grad_norm":1.0406826734542847,"train_loss":2.6708974086877073,"train/epoch":2.9592760180995477,"train_steps_per_second":0.069,"eval/steps_per_second":0.256,"_runtime":2417.042114382,"eval/loss":2.077730417251587,"train/loss":2.1026,"train/learning_rate":1.2565987432367033e-06,"train/global_step":165,"total_flos":3.816746643435264e+15,"_step":9}