{"train_runtime":5721.0155,"train/learning_rate":1.339745962155613e-06,"train/global_step":147,"train_steps_per_second":0.026,"train_samples_per_second":0.411,"train/loss":1.8111,"train_loss":2.767454757171423,"_wandb":{"runtime":5936},"eval/samples_per_second":1.37,"eval/loss":1.933451771736145,"train/epoch":3,"eval/steps_per_second":0.349,"_runtime":5910.029239545,"_timestamp":1.7441789550892208e+09,"_step":8,"total_flos":4.816283855265062e+16,"eval/runtime":71.5338,"train/grad_norm":8.809614181518555}