{"_timestamp":1.7426944610461187e+09,"_wandb":{"runtime":3028},"eval/runtime":8.1072,"eval/samples_per_second":12.088,"eval/loss":0.8980044722557068,"_runtime":2972.969373955,"train_steps_per_second":0.102,"train/learning_rate":4.229604321829561e-09,"train/loss":0.9174,"_step":9,"train/grad_norm":7.671675682067871,"train_samples_per_second":1.627,"eval/steps_per_second":1.604,"train_runtime":2950.2248,"train/global_step":300,"train_loss":1.6980994288126627,"train/epoch":6.122448979591836,"total_flos":1.01415289810747e+17}