{"train/epoch":2.9592760180995477,"train_steps_per_second":0.062,"train_loss":0.20520723805283056,"train/global_step":165,"_timestamp":1.7445058703734624e+09,"train/learning_rate":1.2565987432367033e-06,"train/num_tokens":3.268549e+06,"total_flos":4.427185915050835e+16,"train_samples_per_second":0.987,"train/mean_token_accuracy":0.9695519765218099,"_runtime":2686.983324181,"train_runtime":2679.8812,"train/grad_norm":0.515625,"train/loss":0.0968,"_wandb":{"runtime":2755},"_step":6}