{"train/loss":1.5824,"train/global_step":165,"eval/loss":1.5540664196014404,"_wandb":{"runtime":2916},"_timestamp":1.7446144818856633e+09,"train/epoch":2.9592760180995477,"eval/mean_token_accuracy":0.6417293915381799,"train_samples_per_second":1.118,"train_steps_per_second":0.07,"total_flos":7.68943402786944e+15,"train/learning_rate":1.2565987432367033e-06,"eval/steps_per_second":0.254,"train_runtime":2367.6269,"train_loss":2.1817395065770007,"_step":9,"train/num_tokens":2.623245e+06,"train/grad_norm":0.676618218421936,"train/mean_token_accuracy":0.6450383355220158,"eval/num_tokens":2.623245e+06,"eval/runtime":51.166,"_runtime":2384.791331586,"eval/samples_per_second":1.915}