{"total_flos":5.463217262692886e+16,"train_steps_per_second":0.038,"train/epoch":2.9592760180995477,"train_loss":0.32871607144673665,"train/learning_rate":2.5131974864734066e-06,"_step":6,"train/global_step":165,"train/num_tokens":4.173749e+06,"train_samples_per_second":0.607,"train/mean_token_accuracy":0.9588314930597941,"train_runtime":4356.7328,"_wandb":{"runtime":4369},"train/loss":0.1702,"_runtime":4365.719788267,"train/grad_norm":0.2882472276687622,"_timestamp":1.7444523481223402e+09}