{"_timestamp":1.7446078380991654e+09,"_step":9,"train_samples_per_second":1.156,"train_steps_per_second":0.072,"eval/runtime":50.9427,"train/grad_norm":0.690596878528595,"train/epoch":2.9592760180995477,"total_flos":3.816746643435264e+15,"train/mean_token_accuracy":0.6675405273834865,"train/num_tokens":2.623245e+06,"eval/samples_per_second":1.924,"_runtime":2302.305838658,"train_runtime":2288.4877,"eval/steps_per_second":0.255,"_wandb":{"runtime":3048},"train_loss":2.158761804754084,"eval/mean_token_accuracy":0.6647910796678983,"eval/loss":1.5998464822769165,"eval/num_tokens":2.623245e+06,"train/global_step":165,"train/loss":1.6239,"train/learning_rate":1.2565987432367033e-06}