{"eval/num_tokens":2.623245e+06,"train_runtime":2091.6291,"eval/steps_per_second":0.261,"train/num_tokens":2.623245e+06,"_wandb":{"runtime":2448},"eval/mean_token_accuracy":0.943833800462576,"eval/loss":0.3273954689502716,"_timestamp":1.7445260909472036e+09,"train_steps_per_second":0.079,"train_loss":0.8327337987495191,"total_flos":3.762400153704192e+15,"train/grad_norm":1.1640625,"_runtime":2107.437465308,"train/loss":0.2969,"train/mean_token_accuracy":0.9470618377129237,"_step":9,"eval/samples_per_second":1.968,"eval/runtime":49.7915,"train/global_step":165,"train_samples_per_second":1.265,"train/learning_rate":1.2565987432367033e-06,"train/epoch":2.9592760180995477}