{"eval/steps_per_second":0.245,"eval/loss":1.9509084224700928,"_step":9,"_wandb":{"runtime":4174},"train/global_step":165,"eval/num_tokens":2.623245e+06,"train_steps_per_second":0.067,"train/epoch":2.9592760180995477,"total_flos":3.816746643435264e+15,"train/grad_norm":0.7476375102996826,"_timestamp":1.7445943957494743e+09,"train/learning_rate":1.2565987432367033e-06,"_runtime":2490.796873173,"eval/samples_per_second":1.847,"train/num_tokens":2.623245e+06,"train/loss":1.9785,"train/mean_token_accuracy":0.6589825391769409,"train_runtime":2478.4116,"train_loss":2.5718856927120326,"eval/mean_token_accuracy":0.6614514864408053,"eval/runtime":53.0455,"train_samples_per_second":1.068}