{"_step":8,"_runtime":3800.323055819,"train/epoch":3,"train/grad_norm":4.754540920257568,"eval/loss":2.9582674503326416,"train/learning_rate":1.339745962155613e-06,"_wandb":{"runtime":5658},"train_runtime":3463.1277,"train/global_step":147,"eval/runtime":68.0691,"total_flos":3.79839522154752e+15,"train_steps_per_second":0.042,"train_samples_per_second":0.679,"eval/samples_per_second":1.44,"_timestamp":1.7440083212790766e+09,"train_loss":4.030318565109149,"train/loss":2.7246,"eval/steps_per_second":0.367}