{"eval/runtime":48.4832,"eval/num_tokens":3.474897e+06,"train/epoch":2.9592760180995477,"train/global_step":165,"train_loss":0.9093581546436657,"train/grad_norm":0.2944234013557434,"train/learning_rate":1.2565987432367033e-06,"train/num_tokens":3.474897e+06,"total_flos":4.716677569210358e+16,"eval/mean_token_accuracy":0.9477057640369122,"train/mean_token_accuracy":0.9448406567176183,"eval/samples_per_second":2.021,"_runtime":3250.859400694,"train_steps_per_second":0.051,"eval/loss":0.3241236209869385,"train/loss":0.344,"_step":9,"train_runtime":3215.5025,"eval/steps_per_second":0.268,"_timestamp":1.744601771264962e+09,"_wandb":{"runtime":3441},"train_samples_per_second":0.823}