{"train/num_tokens":2.623245e+06,"train_samples_per_second":1.177,"eval/samples_per_second":1.956,"train/global_step":165,"_runtime":2260.4414137,"eval/mean_token_accuracy":0.7190042321498578,"train/loss":1.6155,"eval/loss":1.5788923501968384,"train_loss":2.318827438354492,"total_flos":7.68943402786944e+15,"eval/runtime":50.101,"_wandb":{"runtime":4729},"_timestamp":1.7445493627949305e+09,"train_runtime":2248.9432,"eval/num_tokens":2.623245e+06,"_step":9,"train_steps_per_second":0.073,"train/grad_norm":0.8429782390594482,"train/epoch":2.9592760180995477,"eval/steps_per_second":0.259,"train/learning_rate":1.2565987432367033e-06,"train/mean_token_accuracy":0.7248725483814875}