{"train_steps_per_second":0.066,"train_loss":2.1374732624400745,"_runtime":2496.061528607,"train/mean_token_accuracy":0.6615616152683894,"train/epoch":2.9592760180995477,"_step":9,"train/loss":1.6081,"_timestamp":1.7446112913795116e+09,"eval/loss":1.584352970123291,"train/learning_rate":1.2565987432367033e-06,"eval/mean_token_accuracy":0.6621304796292231,"eval/num_tokens":2.623245e+06,"eval/steps_per_second":0.244,"train_samples_per_second":1.065,"train/grad_norm":0.697060227394104,"eval/samples_per_second":1.84,"_wandb":{"runtime":3203},"eval/runtime":53.2664,"train/num_tokens":2.623245e+06,"total_flos":3.816746643435264e+15,"train_runtime":2484.4872,"train/global_step":165}