{"eval/samples_per_second":1.537,"train_steps_per_second":0.043,"train/loss":2.2918,"_step":17,"eval/steps_per_second":0.392,"_wandb":{"runtime":6493},"eval/runtime":63.7667,"_runtime":5697.408811089,"train/grad_norm":4.456286907196045,"total_flos":7.64226484900608e+15,"train/epoch":3,"train/learning_rate":1.339745962155613e-06,"train_samples_per_second":0.682,"eval/loss":2.5675337314605713,"train/global_step":147,"_timestamp":1.7442817256326823e+09,"train_runtime":3450.153,"train_loss":3.2992653879178624}