{"train_loss":0.7793021043141682,"eval/steps_per_second":0.292,"_timestamp":1.744518561149362e+09,"eval/loss":0.1986275315284729,"train_runtime":2828.6161,"eval/runtime":44.5044,"train/loss":0.2112,"train/grad_norm":0.22485747933387756,"eval/samples_per_second":2.202,"train/mean_token_accuracy":0.9564282774925232,"train/epoch":2.9592760180995477,"_step":9,"_runtime":2842.368029956,"train/learning_rate":1.2565987432367033e-06,"eval/num_tokens":3.474897e+06,"train_samples_per_second":0.935,"train_steps_per_second":0.058,"train/global_step":165,"_wandb":{"runtime":3838},"total_flos":4.716677569210358e+16,"train/num_tokens":3.474897e+06,"eval/mean_token_accuracy":0.960792784507458}