{"_step":9,"train/global_step":165,"train_samples_per_second":0.936,"_timestamp":1.7446048767312403e+09,"train/loss":0.328,"train/grad_norm":0.4850763976573944,"eval/num_tokens":3.474897e+06,"eval/runtime":44.1085,"eval/samples_per_second":2.222,"_runtime":2838.200405452,"train/epoch":2.9592760180995477,"train_runtime":2826.1534,"train_steps_per_second":0.058,"_wandb":{"runtime":3023},"eval/steps_per_second":0.295,"total_flos":4.716677569210358e+16,"eval/mean_token_accuracy":0.9500975929773771,"train_loss":0.9094273596098928,"train/num_tokens":3.474897e+06,"train/learning_rate":1.2565987432367033e-06,"train/mean_token_accuracy":0.9467341105143229,"eval/loss":0.30109429359436035}