{"train/epoch":2.9592760180995477,"eval/runtime":41.1659,"train/grad_norm":0.396484375,"train_steps_per_second":0.06,"eval/steps_per_second":0.316,"total_flos":4.692726526612397e+16,"eval/loss":0.08239956200122833,"train/num_tokens":3.474897e+06,"_timestamp":1.7445368548398843e+09,"train/mean_token_accuracy":0.979283532500267,"train_runtime":2750.9812,"train/learning_rate":1.2565987432367033e-06,"train_loss":0.22078761331962818,"eval/mean_token_accuracy":0.9777876138687134,"_wandb":{"runtime":2972},"_step":9,"eval/samples_per_second":2.381,"train_samples_per_second":0.962,"_runtime":2782.931839916,"train/global_step":165,"eval/num_tokens":3.474897e+06,"train/loss":0.0665}