{"_timestamp":1.744543478949825e+09,"train_steps_per_second":0.07,"_runtime":2352.538202363,"train/num_tokens":2.623245e+06,"train/mean_token_accuracy":0.7764263182878495,"train_loss":2.078739224058209,"train_runtime":2340.5058,"eval/runtime":50.44,"train/global_step":165,"eval/mean_token_accuracy":0.7866350183120141,"_wandb":{"runtime":5174},"train_samples_per_second":1.131,"_step":9,"eval/samples_per_second":1.943,"eval/steps_per_second":0.258,"train/epoch":2.9592760180995477,"eval/num_tokens":2.623245e+06,"eval/loss":1.2940133810043335,"train/learning_rate":1.2565987432367033e-06,"total_flos":7.68943402786944e+15,"train/grad_norm":0.6784264445304871,"train/loss":1.3353}