{"train_steps_per_second":0.042,"_runtime":7650.545228866,"eval/loss":2.5677638053894043,"eval/runtime":64.4963,"train/global_step":147,"train/learning_rate":1.339745962155613e-06,"train_loss":3.289426712762742,"_wandb":{"runtime":8811},"eval/steps_per_second":0.388,"train/grad_norm":4.89461612701416,"train_samples_per_second":0.68,"total_flos":7.64226484900608e+15,"_timestamp":1.7442664228604596e+09,"train/loss":2.2825,"train/epoch":3,"_step":20,"eval/samples_per_second":1.519,"train_runtime":3460.5534}