{"train/loss":20.6761,"train_samples_per_second":1.257,"train_steps_per_second":0.079,"train/epoch":1.0204081632653061,"_timestamp":1.742696083028444e+09,"_runtime":692.719660518,"train/global_step":50,"total_flos":1.6901108255844288e+16,"train/learning_rate":9.684576015420277e-08,"train_runtime":636.5301,"train/grad_norm":46.99715805053711,"_wandb":{"runtime":753},"_step":1,"train_loss":20.6760888671875}